<?xml version="1.0"?>
<wpml-config>
	<custom-types>
		<custom-type translate="1">events</custom-type>
 		<custom-type translate="1">teams</custom-type>
		<custom-type translate="1">cs_gallery</custom-type>
		<custom-type translate="1">cs_slider</custom-type>
	</custom-types>
	
	<taxonomies>
		<taxonomy translate="1">event-category</taxonomy>
		<taxonomy translate="1">event-tag</taxonomy>
 		<taxonomy translate="1">teams-category</taxonomy>
		<taxonomy translate="1">teams-tag</taxonomy>
	</taxonomies>
</wpml-config>