<?xml version="1.0"?>
<wpml-config>
	<custom-types>
		<custom-type translate="1">albums</custom-type>
		<custom-type translate="1">artists</custom-type>
		<custom-type translate="1">gigs</custom-type>
		<custom-type translate="1">event-location</custom-type>
		<custom-type translate="1">cs_gallery</custom-type>
		<custom-type translate="1">cs_slider</custom-type>
	</custom-types>
	
	<taxonomies>
		<taxonomy translate="1">album-category</taxonomy>
		<taxonomy translate="1">album-tag</taxonomy>
		<taxonomy translate="1">artists-category</taxonomy>
		<taxonomy translate="1">event-category</taxonomy>
		<taxonomy translate="1">event-tag</taxonomy>
	</taxonomies>
	
</wpml-config>