<?xml version="1.0" encoding="utf-8" ?>
<dwsync>
<file name="btnNext.png" server="ftp.pixfill.com/themes/churchlife/wp-content/themes/churchlife/" local="130308982460000000" remote="130367419200000000" />
<file name="btnPrevious.png" server="ftp.pixfill.com/themes/churchlife/wp-content/themes/churchlife/" local="130308982460000000" remote="130367419200000000" />
<file name="contentPatternBottom.png" server="ftp.pixfill.com/themes/churchlife/wp-content/themes/churchlife/" local="130308982460000000" remote="130367419200000000" />
<file name="contentPatternLeft.png" server="ftp.pixfill.com/themes/churchlife/wp-content/themes/churchlife/" local="130308982460000000" remote="130367419200000000" />
<file name="contentPatternRight.png" server="ftp.pixfill.com/themes/churchlife/wp-content/themes/churchlife/" local="130308982460000000" remote="130367419200000000" />
<file name="contentPatternTop.png" server="ftp.pixfill.com/themes/churchlife/wp-content/themes/churchlife/" local="130308982460000000" remote="130367419200000000" />
<file name="default_thumb.png" server="ftp.pixfill.com/themes/churchlife/wp-content/themes/churchlife/" local="130308982460000000" remote="130367419200000000" />
<file name="default_thumbnail.gif" server="ftp.pixfill.com/themes/churchlife/wp-content/themes/churchlife/" local="130308982460000000" remote="130367419200000000" />
<file name="loader.gif" server="ftp.pixfill.com/themes/churchlife/wp-content/themes/churchlife/" local="130308982460000000" remote="130367419200000000" />
<file name="sprite.png" server="ftp.pixfill.com/themes/churchlife/wp-content/themes/churchlife/" local="130308982460000000" remote="130367419200000000" />
<file name="sprite_next.png" server="ftp.pixfill.com/themes/churchlife/wp-content/themes/churchlife/" local="130308982460000000" remote="130367419200000000" />
<file name="sprite_prev.png" server="ftp.pixfill.com/themes/churchlife/wp-content/themes/churchlife/" local="130308982460000000" remote="130367419200000000" />
<file name="sprite_x.png" server="ftp.pixfill.com/themes/churchlife/wp-content/themes/churchlife/" local="130308982460000000" remote="130367419200000000" />
<file name="sprite_y.png" server="ftp.pixfill.com/themes/churchlife/wp-content/themes/churchlife/" local="130308982460000000" remote="130367419200000000" />
</dwsync>